Server Name,IP Address,Description,SCADA System,Domain,Connected,Maintained,Fully Qualified,Location,OS Installation,MS Office,Other Software,NOTES,Distribute TGPL GRAPHICS
bccgas1,172.30.9.37 ,Atlantic Gulf Backup GMAS,Transco SCADA,TGPLSCADA,,,bccgas1.TGPLSCADA.local,Frazier,,,,,
bcchis1,172.30.9.70 ,Atlantic Gulf Backup History 1,Transco SCADA,TGPLSCADA,,,bcchis1.TGPLSCADA.local,Frazier,,,,,
bcchis2,172.30.9.71 ,Atlantic Gulf Backup History 2,Transco SCADA,TGPLSCADA,,,bcchis2.TGPLSCADA.local,Frazier,,,,,
bccrts1,172.30.9.31 ,Atlantic Gulf Backup 1,Transco SCADA,TGPLSCADA,✔,✔,bccrts1.TGPLSCADA.local,Frazier,"MS Windows Server 2003, Standard Edition SP2",,,,
bccrts2,172.30.9.32 ,Atlantic Gulf Backup 2,Transco SCADA,TGPLSCADA,✔,✔,bccrts2.TGPLSCADA.local,Frazier,"MS Windows Server 2003, Standard Edition SP2",,,,
bccrx1,172.30.9.35 ,Atlantic Gulf Backup side terminal server 1,Transco SCADA,TGPLSCADA,✔,✔,bccrx1.TGPLSCADA.local,Frazier,"MS Windows Server 2003, Standard Edition SP2",MS Office 2010,,,YES
bccrx2,172.30.9.36 ,Atlantic Gulf Backup side terminal server 2,Transco SCADA,TGPLSCADA,✔,✔,bccrx2.TGPLSCADA.local,Frazier,"MS Windows Server 2003, Standard Edition SP2",MS Office 2010,,,YES
dcxpwlmskep01,10.201.1.197,LMS Backup Kepware Server - Auto Redundancy - L0 & L1 cluster,Liquids SCADA,WMSSCADA,✔,,dcxpwlmskep01.WMSSCADA.local,,,,,,
dcxpwtrnacm01,10.201.129.10,ClearSCADA Transco Backup ACM Server,G&P SCADA,WMBS,,,dcxpwtrnacm01.WMBS.io,,,,,,
dcxpwtrncls01,10.201.128.10,ClearSCADA Transco Backup Server,ClearSCADA,WMBS,,,dcxpwtrncls01.WMBS.io,,,,,,
dcxpwtrnkep01,10.201.129.15,ClearSCADA Production Backup DCX Kepware Server - Eastern Interstates & Salt Lake City,ClearSCADA,WMBS,,,dcxpwtrnkep01.WMBS.io,,,,,,
EVNPSCADAPROXY,172.24.4.172,NWP Server,NWP Server,Williams,,,EVNPSCADAPROXY.Williams.com,Salt Lake City,,,,,
houpwftp01,10.144.1.70,FTP Server,Williams,Williams,,,houpwftp01.Williams.com,Houston,,,,,
houpwtrncls03,,ClearSCADA Transco Production Server,ClearSCADA,WMBS,,,houpwtrncls03.WMBS.io,,,,,,
No Name - Z39,10.27.129.39,ClearSCADA Zumlink Priority Forward Server,G&P SCADA,WMBS,,,No Name - Z39.WMBS.io,,,,,,
No Name - Z40,10.27.129.40,ClearSCADA Zumlink Priority Forward Server,G&P SCADA,WMBS,,,No Name - Z40.WMBS.io,,,,,,
No Name - Z41,10.27.129.41,ClearSCADA Zumlink Priority Forward Server,G&P SCADA,WMBS,,,No Name - Z41.WMBS.io,,,,,,
nwp-pccrts1,172.24.1.30,PCC Realtime Server 1,NWP SCADA,Williams,,,nwp-pccrts1.Williams.com,Salt Lake City,,,,,
nwp-pccrts2,172.24.1.31,PCC Realtime Server 2,NWP SCADA,Williams,,,nwp-pccrts2.Williams.com,Salt Lake City,,,,,
nwp-pccrxs1,172.24.1.18,PCC Domain Controller 1,NWP SCADA,Williams,,,nwp-pccrxs1.Williams.com,Salt Lake City,,,,,
nwp-pccrxs2,172.24.1.19,PCC Domain Controller 2,NWP SCADA,Williams,,,nwp-pccrxs2.Williams.com,Salt Lake City,,,,,
okcpscadaopc10,10.90.98.23,G+P Tulsa ACM Server,G&P SCADA,Williams,,,okcpscadaopc10.Williams.com,,,,,,
okcpscadardp01,10.90.99.19,ClearSCADA Jump Box,ClearSCADA,Williams,,,okcpscadardp01.Williams.com,Tulsa,,,,,
pccdc01,172.30.7.61,Atlantic Gulf Domain Controller 1,Transco SCADA,TGPLSCADA,,,pccdc01.TGPLSCADA.local,Houston,,,,,
pccdc02,172.30.7.62,Atlantic Gulf Domain Controller 2,Transco SCADA,TGPLSCADA,,,pccdc02.TGPLSCADA.local,Houston,,,,,
pccdss1,172.24.1.41,PCC DSS Server,NWP SCADA,Williams,,,pccdss1.Williams.com,Salt Lake City,,,,,YES
PCCDSS1,172.24.2.41,NWP Server,NWP Server,Williams,,,PCCDSS1.Williams.com,Salt Lake City,,,,,
pcceng1,172.30.7.37,Atlantic Gulf OASYS74 Engineering Server - XOS Display Repository,Transco SCADA,TGPLSCADA,✔,✔,pcceng1.TGPLSCADA.local,Houston,"MS Windows Server 2003, Standard Edition ",MS Office 2010,MS SQL Server 2008 // MS SQL Enterprise Manager Version 8.00.2066 (SP4)  // KepserverEX 6.6 V6.6.350.0,,NO - DISPLAY SOURCE
PCCENG2,172.24.1.40,NWP Server,NWP SCADA,Williams,,,PCCENG2.Williams.com,Salt Lake City,,,,,
pccfs01,172.30.7.201,Atlantic Gulf File Server,Transco SCADA,TGPLSCADA,,,pccfs01.TGPLSCADA.local,Houston,"MS Windows Server 2003, Standard Edition ",MS Office Professional Edition 2003 ,,,
PCCGAS1,172.24.2.42,NWP Server,NWP SCADA,Williams,,,PCCGAS1.Williams.com,Salt Lake City,,,,,
pccgas1,172.30.8.34 ,Atlantic Gulf Gas Apps (GMAS) server,Transco SCADA,TGPLSCADA,✔,,pccgas1.TGPLSCADA.local,Houston,"MS Windows Server 2003, Standard Edition SP2",MS Office Professional Edition 2003 ,,,
pcchis1,172.30.7.70 ,Atlantic Gulf Primary History 1,Transco SCADA,TGPLSCADA,✔,✔,pcchis1.TGPLSCADA.local,Houston,MS Server 2003 Enterprise Edition SP2,,MS SQL Enterprise Manager Version 8.00.2066 (SP4) ,,
pcchis2,172.30.7.71 ,Atlantic Gulf Primary History 2,Transco SCADA,TGPLSCADA,✔,✔,pcchis2.TGPLSCADA.local,Houston,MS Server 2003 Enterprise Edition SP2,,MS SQL Enterprise Manager Version 8.00.2066 (SP4) ,,
PCCHS1,172.24.1.32,NWP Server,NWP SCADA,Williams,,,PCCHS1.Williams.com,Salt Lake City,,,,,
PCCHS2,172.24.1.33,NWP Server,NWP SCADA,Williams,,,PCCHS2.Williams.com,Salt Lake City,,,,,
PCCPAM,172.30.7.20,PAM Server,Transco SCADA,TGPLSCADA,,,PCCPAM.TGPLSCADA.local,Houston,,,,,
pccpss01,172.30.8.81,PCC PAS PSS Server,Transco SCADA,TGPLSCADA,,,pccpss01.TGPLSCADA.local,Salt Lake City,,,,,YES
pccrts1,172.30.7.31 ,Atlantic Gulf Primary 1,Transco SCADA,TGPLSCADA,✔,,pccrts1.TGPLSCADA.local,Houston,"MS Windows Server 2003, Standard Edition SP2",,,,
pccrts1-vm,172.30.7.90,TGPLSCADA RSLinx test server,Transco SCADA,TGPLSCADA,,,pccrts1-vm.TGPLSCADA.local,,,,,,
pccrts2,172.30.7.32 ,Atlantic Gulf Primary 2,Transco SCADA,TGPLSCADA,✔,,pccrts2.TGPLSCADA.local,Houston,"MS Windows Server 2003, Standard Edition SP2",,,,
pccrxs1,172.30.7.35 ,Atlantic Gulf Primary side terminal server 1,Transco SCADA,TGPLSCADA,✔,,pccrxs1.TGPLSCADA.local,Houston,,,,,YES
pccrxs2,172.30.7.36 ,Atlantic Gulf Primary side terminal server 2,Transco SCADA,TGPLSCADA,✔,,pccrxs2.TGPLSCADA.local,Houston,,,,,YES
pccrxs3,172.30.7.66 ,Atlantic Gulf Primary side terminal server 3,Transco SCADA,TGPLSCADA,✔,,pccrxs3.TGPLSCADA.local,Houston,,MS Office 2010,,,YES
pccweb,172.30.8.32 ,Atlantic Gulf @web application server,Transco SCADA,TGPLSCADA,✔,,pccweb.TGPLSCADA.local,Houston,,,,,YES
PCCWSUS01,172.24.2.71,NWP Server,NWP SCADA,Williams,,,PCCWSUS01.Williams.com,Salt Lake City,,,,,
SCADAPRD03,10.90.98.25,G+P ACM Server -- TULSA CONVERSION -- NOT THE SAME AS tulpscadaopc11,G&P SCADA,SCADACENTRAL,✔,,SCADAPRD03.SCADACENTRAL.local,,,,,,
SCADAPRD08,,G+P ACM Server,ClearSCADA,SCADACENTRAL,,,SCADAPRD08.SCADACENTRAL.local,,,,,,
SCADAPROD03,,G+P ACM Server,ClearSCADA,SCADACENTRAL,,,SCADAPROD03.SCADACENTRAL.local,,,,,,
scadaservicedr,172.24.2.41,PCC DSS,NWP SCADA,Williams,,,scadaservicedr.Williams.com,Salt Lake City,,,,,
sftp01,10.90.10.52,FTP Server,Williams,Williams,,,sftp01.Williams.com,Houston,,,,,
SLCDSCADARS,172.24.4.174,NWP Server,NWP Server,Williams,,,SLCDSCADARS.Williams.com,Salt Lake City,,,,,
SLCDSCADAWS,172.24.2.173,NWP Server,NWP SCADA,Williams,,,SLCDSCADAWS.Williams.com,Salt Lake City,,,,,
SLCPSCADAPROXY,172.24.2.172,NWP Server,NWP SCADA,Williams,,,SLCPSCADAPROXY.Williams.com,Salt Lake City,,,,,
SLCPSCADAPRS,172.24.2.175,NWP Server,NWP SCADA,Williams,,,SLCPSCADAPRS.Williams.com,Salt Lake City,,,,,
slcpwtrncls03,10.42.0.50,ClearSCADA Performance Server,ClearSCADA,WMBS,,,slcpwtrncls03.WMBS.io,,,,,,
tgplfradss2,172.30.9.38,Atlantic Gulf Backup DSS ,Transco SCADA,TGPLSCADA,,,tgplfradss2.TGPLSCADA.local,Frazier,,,,,YES
tgplhoudss2,172.30.8.33 ,Atlantic Gulf Primary DSS,Transco SCADA,TGPLSCADA,✔,,tgplhoudss2.TGPLSCADA.local,Houston,,,,,YES
tulfreetest1,10.27.129.35,ClearSCADA Zumlink Priority Forward Server,G&P SCADA,WMBS,,,tulfreetest1.WMBS.io,,,,,,
tulfreetest2,10.27.129.36,ClearSCADA Zumlink Priority Forward Server,,,,,,,,,,,
tulfreetest3,10.27.129.37,ClearSCADA Zumlink Priority Forward Server,G&P SCADA,WMBS,,,tulfreetest3.WMBS.io,,,,,,
tulntapnas1,,G+P Measurement Data Archive,,,,,,,,,,,
tulpscadaopc11,10.90.198.21,G+P ACM Server -- TULSA CONVERSION -- NOT THE SAME AS scadaprd03,G&P SCADA,SCADACENTRAL,✔,,tulpscadaopc11.SCADACENTRAL.local,Tulsa,,,,,
tulpscadardp02,10.90.199.23,ClearSCADA Jump Box,ClearSCADA,Williams,,,tulpscadardp02.Williams.com,Tulsa,,,,,
TULPWACM01,172.26.192.16,G+P ACM Server Northeast,ClearSCADA,Williams,,,TULPWACM01.Williams.com,Tulsa,,,,,
TULPWACM02,172.26.192.17,G+P ACM Server Northeast,ClearSCADA,Williams,,,TULPWACM02.Williams.com,Tulsa,,,,,
tulpwgaskep01,172.26.191.173,FCA & RMA Kepware Server,G&P SCADA,WMSSCADA,✔,✔,tulpwgaskep01.WMSSCADA.local,Tulsa,MS Server 2012 R2 Standard,,KepserverEX 6.6 V6.6.350.0,,
tulpwlmskep01,172.26.191.172,LMS Kepware Server - Auto Redundancy - L0 & L1 cluster,Liquids SCADA,WMSSCADA,✔,,tulpwlmskep01.WMSSCADA.local,Tulsa,MS Server 2012 R2 Standard,,KepserverEX 6.6 V6.6.350.0,,
tulpwrpt01,172.26.191.243,G&P Report Server,G&P SCADA,WMSSCADA,,,tulpwrpt01.WMSSCADA.local,Tulsa,Windows Server 2012 R2,,,,
tulpwtrnacm01,10.27.129.10,ClearSCADA Production ACM Server - Eastern Interstates & Salt Lake City,ClearSCADA,WMBS,,,tulpwtrnacm01.WMBS.io,,,,,,
tulpwtrncls01,10.27.128.10,ClearSCADA Transco Production Server,ClearSCADA,WMBS,,,tulpwtrncls01.WMBS.io,,,,,,
tulpwtrncls02,10.27.128.11,ClearSCADA Transco Production Server,ClearSCADA,WMBS,,,tulpwtrncls02.WMBS.io,,,,,,
tulpwtrncls04,10.27.160.10,ClearSCADA Performance Server,ClearSCADA,WMBS,,,tulpwtrncls04.WMBS.io,,,,,,
tulpwtrnkep01,10.27.129.15,ClearSCADA Production Kepware Server - Eastern Interstates & Salt Lake City,ClearSCADA,WMBS,,,tulpwtrnkep01.WMBS.io,,,,,,
TULPWTRNKEP02,10.27.129.16,ClearSCADA Server,ClearSCADA,WMBS,,,TULPWTRNKEP02.WMBS.io,Tulsa,,,,,
tulpwviewx18,,ClearSCADA ViewX Box,ClearSCADA,Williams,,,tulpwviewx18.Williams.com,Tulsa,,,,,
wgphouphd02,172.31.50.85,Uniformance PhD Primary server - Field access to PHD,Transco SCADA,Williams,✔,,wgphouphd02.Williams.com,Houston,,,,,
wgphouphd03,172.31.130.8,Uniformance PhD Backup server - TGPL control room trending,Transco SCADA,Williams,✔,,wgphouphd03.Williams.com,Frazier,,,,,
wgpslcphd01,161.245.25.75,NWP PHD Historian,NWP SCADA,Williams,✔,,wgpslcphd01.Williams.com,Salt Lake City,,,,,
wgpslcphd02,161.245.25.74,NWP PHD Historian,NWP SCADA,Williams,,,wgpslcphd02.Williams.com,Salt Lake City,,,,,
wmsdcxdss1,10.201.2.191,Backup DSS,FCA/NE SCADA,WMSSCADA,✔,✔,wmsdcxdss1.WMSSCADA.local,Broken Arrow,,,,,
wmsdcxeng1,10.201.1.106,Backup Engineering ,FCA/NE SCADA,WMSSCADA,✔,,wmsdcxeng1.WMSSCADA.local,Broken Arrow,,,,,
wmsdcxfcahis1,10.201.1.168,FCA Backup Historian,FCA/NE SCADA,WMSSCADA,✔,✔,wmsdcxfcahis1.WMSSCADA.local,Broken Arrow,,,,,
wmsdcxfcahis2,10.201.1.169,FCA Backup Historian,FCA/NE SCADA,WMSSCADA,✔,✔,wmsdcxfcahis2.WMSSCADA.local,Broken Arrow,,,,,
wmsdcxfcarts1,10.201.1.115,FCA Backup RealTime 1 SCADA System for NE Assets,FCA/NE SCADA,WMSSCADA,✔,✔,wmsdcxfcarts1.WMSSCADA.local,Broken Arrow,"MS Windows Server 2003, Standard Edition SP2",,,,
wmsdcxfcarts2,10.201.1.116,FCA Backup RealTime 2 SCADA System for NE Assets,FCA/NE SCADA,WMSSCADA,✔,✔,wmsdcxfcarts2.WMSSCADA.local,Broken Arrow,"MS Windows Server 2003, Standard Edition SP2",,,,
wmsdcxgasopcda1,10.201.1.27,RMA Backup Kepware Server - Kepware.KEPServerEX.V5,RMA/GCA,WMSSCADA,✔,,wmsdcxgasopcda1.WMSSCADA.local,Frazier,,,,,
wmsdcxlmshis1,10.201.1.172,LMS Backup Historian,Liquids SCADA,WMSSCADA,✔,✔,wmsdcxlmshis1.WMSSCADA.local,Broken Arrow,,,,,
wmsdcxlmshis2,10.201.1.173,LMS Backup Historian,Liquids SCADA,WMSSCADA,✔,✔,wmsdcxlmshis2.WMSSCADA.local,Broken Arrow,,,,,
wmsdcxlmsopcda1,10.201.1.25,LMS Backup Kepware Server - KEPServerEX6,Liquids SCADA,WMSSCADA,✔,,wmsdcxlmsopcda1.WMSSCADA.local,,,,,,
wmsdcxlmsopcua1,10.201.1.26,LMS Backup DA1 & UA1 Kepware Server - Kepware.KEPServerEX.V5,Liquids SCADA,WMSSCADA,✔,,wmsdcxlmsopcua1.WMSSCADA.local,Tulsa,,,KepserverEX 6.6 V6.6.350.0,,
wmsdcxlmsrts1,10.201.1.119,LMS Backup RealTime 1 SCADA System for NE Assets,Liquids SCADA,WMSSCADA,✔,✔,wmsdcxlmsrts1.WMSSCADA.local,Broken Arrow,"MS Windows Server 2003, Standard Edition SP2",,,,
wmsdcxlmsrts2,10.201.1.120,LMS Backup RealTime 2 SCADA System for NE Assets,Liquids SCADA,WMSSCADA,✔,✔,wmsdcxlmsrts2.WMSSCADA.local,Broken Arrow,"MS Windows Server 2003, Standard Edition SP2",,,,
wmsdcxopc01,,Backup Kepware,G&P SCADA,,,,,,,,,,
wmsdcxrcs1,172.26.191.56,Backup RCS,FCA/NE SCADA,WMSSCADA,,,wmsdcxrcs1.WMSSCADA.local,Broken Arrow,,,,,
wmsdcxrmahis1,10.201.1.163,RMA Backup Historian 1 for RMA and GCA,RMA/GCA,WMSSCADA,✔,✔,wmsdcxrmahis1.WMSSCADA.local,Broken Arrow,,,,,
wmsdcxrmahis2,10.201.1.164,RMA Backup Historian 2 for RMA and GCA,RMA/GCA,WMSSCADA,✔,✔,wmsdcxrmahis2.WMSSCADA.local,Broken Arrow,,,,,
wmsdcxrmarts1,10.201.1.111,RMA Backup RealTime 1 SCADA System for RMA and GCA,RMA/GCA,WMSSCADA,✔,✔,wmsdcxrmarts1.WMSSCADA.local,Broken Arrow,,,,,
wmsdcxrmarts2,10.201.1.112,RMA Backup RealTime 2 SCADA System for RMA and GCA,RMA/GCA,WMSSCADA,✔,✔,wmsdcxrmarts2.WMSSCADA.local,Broken Arrow,,,,,
WMSTUTAB03,172.26.192.85,ActiveBatch Server,G&P SCADA,WILLIAMS,✔,,WMSTUTAB03.WILLIAMS.com,Tulsa,MS Server 2008 R2 Standard SP1,,,,
wmstutabsvc,172.26.192.197,ActiveBatch Server,G&P SCADA,WILLIAMS,✔,,wmstutabsvc.WILLIAMS.com,Tulsa,,,,,
WMSTUTACM01,172.26.192.112,G+P ClearSCADA ACM Server Liquids,ClearSCADA,WILLIAMS,,,WMSTUTACM01.WILLIAMS.com,Tulsa,,,,,
WMSTUTDACM01,,G+P ClearSCADA ACM Server?,,,,,,,,,,,
WMSTUTDACM02,,G+P ClearSCADA ACM Server?,,,,,,,,,,,
wmstutdc01,192.168.6.189,G&P Domain Controller 1 for all 3 Tulsa systems,G&P SCADA,WMSSCADA,,,wmstutdc01.WMSSCADA.local,Tulsa,,,,,
wmstutdc02,192.168.6.101,G&P Domain Controller 2 for all 3 Tulsa systems,G&P SCADA,WMSSCADA,,,wmstutdc02.WMSSCADA.local,Tulsa,,,,,
wmstutdes101,172.26.191.183,G&P Terminal Server,G&P SCADA,WMSSCADA,,,wmstutdes101.WMSSCADA.local,Tulsa,,,,,
wmstutdes102,172.26.191.202,G&P Terminal Server,G&P SCADA,WMSSCADA,,,wmstutdes102.WMSSCADA.local,Tulsa,,,,,
wmstutdes103,172.26.191.203,G&P Terminal Server,G&P SCADA,WMSSCADA,✔,,wmstutdes103.WMSSCADA.local,Tulsa,,,,,
wmstutdes104,172.26.191.204,G&P Terminal Server,G&P SCADA,WMSSCADA,✔,,wmstutdes104.WMSSCADA.local,Tulsa,MS Server 2008 R2 Standard SP1,MS Office 2010,,All possible Tulsa systems accessable from ezXOS,
wmstutdevabsvc,10.27.9.18,G&P ActiveBatch Development Server,G&P SCADA,WILLIAMS,,,wmstutdevabsvc.WILLIAMS.com,Tulsa,,,,,
wmstutdevdss1,172.26.192.63,G&P Development DSS 1,G&P SCADA,WILLIAMS,,,wmstutdevdss1.WILLIAMS.com,Tulsa,,,,,
wmstutdevgas01,,FCA Development Gas,FCA/NE SCADA,,,,,,,,,,
wmstutdevgas02,172.26.192.64,Development GMAS Server,FCA/NE SCADA,,,,,,,,,,
wmstutdevgas03,,RMA Development GMAS Server,RMA/GCA,WMSSCADADEV,,,wmstutdevgas03.WMSSCADADEV.training,Tulsa,,,,,
wmstutdevgas05,,Development GMAS Server,G&P SCADA,WMSSCADADEV,,,wmstutdevgas05.WMSSCADADEV.training,Tulsa,,,,,
wmstutdevgas1,,Development GMAS Server,G&P SCADA,Williams,,,wmstutdevgas1.Williams.com,Tulsa,,,,,
wmstutdevmts1,,Development Terminal Server,G&P SCADA,Williams,,,wmstutdevmts1.Williams.com,Tulsa,,,,,
wmstutdevopcua1,10.27.13.221,Development Kepware Server,G&P SCADA,WMSSCADADEV,✔,,wmstutdevopcua1.WMSSCADADEV.training,Tulsa,,,KepserverEX 6.6 V6.6.350.0,,
wmstutdevrep01,,LMS Development,Liquids SCADA,WMSSCADADEV,,,wmstutdevrep01.WMSSCADADEV.training,Tulsa,,,,,
wmstutdevrts1,,Development RealTime 1,G&P SCADA,Williams,,,wmstutdevrts1.Williams.com,Tulsa,,,,,
wmstutdevrts2,,Development RealTime 2,G&P SCADA,Williams,,,wmstutdevrts2.Williams.com,Tulsa,,,,,
wmstutdfcarts1,10.27.13.222,FCA Development RealTime 1,FCA/NE SCADA,Williams,✔,,wmstutdfcarts1.Williams.com,Tulsa,MS Server 2003 Enterprise Edition SP2,,MS Visual Studio 2005 v8,,
wmstutdfcarts2,,FCA Development RealTime 2,FCA/NE SCADA,Williams,,,wmstutdfcarts2.Williams.com,Tulsa,,,,,
wmstutdhis1,10.27.13.39,LMS Development Historian,Liquids SCADA,WMSSCADADEV,,,wmstutdhis1.WMSSCADADEV.training,Tulsa,,,,,
wmstutdlmsrts1,10.27.13.224,LMS Development RealTime 1,Liquids SCADA,WMSSCADADEV,✔,✔,wmstutdlmsrts1.WMSSCADADEV.training,Tulsa,,,,,
wmstutdrmamts01,,RMA Development Terminal Server,RMA/GCA,WMSSCADADEV,,,wmstutdrmamts01.WMSSCADADEV.training,Tulsa,MS Server 2008 R2 Standard SP1,MS Office 2010,,,
wmstutdrmarts1,10.27.13.223,RMA Development RealTime 1,RMA/GCA,Williams,✔,,wmstutdrmarts1.Williams.com,Tulsa,MS Server 2003 Enterprise Edition SP2,,,,
wmstutdss1,172.26.192.191,G&P DSS - RealTime data from all 3 G&P SCADA Systems,G&P SCADA,Williams,✔,✔,wmstutdss1.Williams.com,Tulsa,MS Server 2003 Enterprise Edition SP2,,MS SQL Server 2005 v9 // MS Visual Studio 2005 v8,,
wmstutdssmts01,172.26.192.156,G&P DSS Terminal Server,G&P SCADA,Williams,✔,✔,wmstutdssmts01.Williams.com,Tulsa,MS Server 2008 R2 Standard SP1,MS Office 2010,,,
wmstutdssmts02,172.26.192.151,G&P DSS Terminal Server,G&P SCADA,Williams,✔,✔,wmstutdssmts02.Williams.com,Tulsa,,,,,
wmstuteng1,172.26.191.106,G&P Engineering Server,G&P SCADA,WMSSCADA,✔,,wmstuteng1.WMSSCADA.local,Tulsa,,,,,
wmstuteng2,172.26.191.88,LMS Engineering Server - Tulsa ezXOS Display repository,Liquids SCADA,WMSSCADA,✔,,wmstuteng2.WMSSCADA.local,Tulsa,,,,,
wmstutfcagas1,172.26.192.179,FCA GMAS Server 1,FCA/NE SCADA,WMSSCADA,,,wmstutfcagas1.WMSSCADA.local,Tulsa,,,MS SQL Server 2005 v9,,
wmstutfcagas2,172.26.192.180,FCA GMAS Server 2,FCA/NE SCADA,WMSSCADA,,,wmstutfcagas2.WMSSCADA.local,Tulsa,,,MS SQL Server 2005 v9,,
wmstutfcahis1,172.26.191.51,FCA Historian 1,FCA/NE SCADA,WMSSCADA,✔,✔,wmstutfcahis1.WMSSCADA.local,Tulsa,MS Server 2003 Enterprise Edition R2,,MS SQL Server 2005 v9,,
wmstutfcahis2,172.26.191.52,FCA Historian 2,FCA/NE SCADA,WMSSCADA,✔,✔,wmstutfcahis2.WMSSCADA.local,Tulsa,MS Server 2003 Enterprise Edition R2,,MS SQL Server 2005 v9,,
wmstutfcamts01,172.26.191.212,FCA ezXOS Terminal Server,FCA/NE SCADA,Williams,✔,✔,wmstutfcamts01.Williams.com,Tulsa,MS Server 2008 R2 Standard SP1,MS Office 2010,,,
wmstutfcarts1,172.26.191.115,FCA Primary 1 SCADA System for NE Assets,FCA/NE SCADA,WMSSCADA,✔,✔,wmstutfcarts1.WMSSCADA.local,Tulsa,MS Server 2003 Enterprise Edition SP2,,MS Visual Studio 2005 v8,,
wmstutfcarts2,172.26.191.116,FCA Primary 2 SCADA System for NE Assets,FCA/NE SCADA,WMSSCADA,✔,✔,wmstutfcarts2.WMSSCADA.local,Tulsa,MS Server 2003 Enterprise Edition SP2,,,Arbritation does not start automatically. NMC required. Slow to transfer replicated data,
wmstutgasopcda1,172.26.191.227,RMA Kepware Server - Kepware.KEPServerEX.V5,G&P SCADA,,✔,,,,,,,,
wmstutlds1,172.26.191.106,LMS SimSuite Server 1,Liquids SCADA,WMSSCADA,✔,,wmstutlds1.WMSSCADA.local,Tulsa,,,,,
wmstutlds2,172.26.191.106,LMS SimSuite Server 1,Liquids SCADA,WMSSCADA,✔,,wmstutlds2.WMSSCADA.local,Tulsa,,,,,
wmstutlmshis1,172.26.191.59,LMS Historian 1,Liquids SCADA,Williams,✔,✔,wmstutlmshis1.Williams.com,Tulsa,MS Server 2003 Enterprise Edition R2,,MS SQL Server 2005 v9,,
wmstutlmshis2,172.26.191.60,LMS Historian 2,Liquids SCADA,Williams,✔,✔,wmstutlmshis2.Williams.com,Tulsa,MS Server 2003 Enterprise Edition R2,,MS SQL Server 2005 v9,,
wmstutlmsmts01,172.26.191.211,LMS ezXOS Terminal Server for Liquids,Liquids SCADA,WMSSCADA,✔,✔,wmstutlmsmts01.WMSSCADA.local,Tulsa,,MS Office 2010,,,
wmstutlmsopcda1,172.26.191.225,LMS Kepware Server - Kepware.KEPServerEX.V5,Liquids SCADA,Williams,✔,,wmstutlmsopcda1.Williams.com,,,,,,
wmstutlmsopcua1,172.26.191.226,LMS DA1 & UA1 Kepware Server - Kepware.KEPServerEX.V5,Liquids SCADA,WMSSCADA,✔,,wmstutlmsopcua1.WMSSCADA.local,Tulsa,,,KepserverEX 6.6 V6.6.350.0,,
wmstutlmsrts1,172.26.191.119,LMS Liquids Primary 1 SCADA System for Liquids Assets,Liquids SCADA,WMSSCADA,✔,✔,wmstutlmsrts1.WMSSCADA.local,Tulsa,MS Server 2003 Enterprise Edition SP2,,MS Visual Studio 2005 v8,,
wmstutlmsrts2,172.26.191.120,LMS Liquids Primary 2 SCADA System for Liquids Assets,Liquids SCADA,WMSSCADA,✔,✔,wmstutlmsrts2.WMSSCADA.local,Tulsa,MS Server 2003 Enterprise Edition SP2,,MS Visual Studio 2005 v8,,
wmstutmts1,172.26.192.192,Terminal Server - SIGHTLINE,G&P SCADA,Williams,,,wmstutmts1.Williams.com,Tulsa,,,,,
wmstutmts2,172.26.192.193,Terminal Server - SIGHTLINE,G&P SCADA,Williams,✔,,wmstutmts2.Williams.com,Tulsa,,,,,
wmstutopc02,172.26.191.62,Top Kepware Server - Version 5 Kepware,G&P SCADA,WMSSCADA,✔,,wmstutopc02.WMSSCADA.local,Tulsa,MS Server 2012 R2 Standard,,KepserverEX 6.6 V6.6.350.0,,
wmstutpits01,172.26.192.22,Terminal Server,G&P SCADA,Williams,✔,,wmstutpits01.Williams.com,Tulsa,MS Server 2008 R2 Standard SP1,MS Office 2013,,Use WMSSCADA password to access \\ DOES NOT HAVE OPEN RDA drivers; can't access OASyS databases,
wmstutqfcamts01,172.26.191.84,FCA QA ezXOS Terminal Server - for checkouts,FCA/NE SCADA,WMSSCADA,✔,✔,wmstutqfcamts01.WMSSCADA.local,Tulsa,MS Server 2008 R2 Standard SP1,MS Office 2010,,Use WMSSCADA password to access,
wmstutqfcarts1,172.26.191.78,FCA QA RealTime 1,FCA/NE SCADA,Williams,✔,✔,wmstutqfcarts1.Williams.com,Tulsa,MS Server 2008 R2 Standard SP1,MS Office 2010,,Use WMSSCADA password to access,
wmstutqfcarts2,172.26.191.79,FCA QA RealTime 2,FCA/NE SCADA,Williams,✔,,wmstutqfcarts2.Williams.com,Tulsa,MS Server 2008 R2 Standard SP1,MS Office 2010,,Use WMSSCADA password to access,
wmstutqlds1,,Development SimSuite Server,G&P SCADA,Williams,,,wmstutqlds1.Williams.com,Tulsa,,,,,
wmstutqlmsmts01,172.26.191.80,LMS QA ezXOS Terminal Server - for checkouts,Liquids SCADA,Williams,✔,✔,wmstutqlmsmts01.Williams.com,Tulsa,MS Server 2008 R2 Standard SP1,MS Office 2010,,Use WMSSCADA password to access,
wmstutqlmsrts1,172.26.191.76,LMS QA RealTime 1,Liquids SCADA,Williams,✔,✔,wmstutqlmsrts1.Williams.com,Tulsa,MS Server 2008 R2 Standard SP1,MS Office 2010,,Use WMSSCADA password to access,
wmstutqlmsrts2,172.26.191.77,LMS QA RealTime 2,Liquids SCADA,Williams,✔,✔,wmstutqlmsrts2.Williams.com,Tulsa,MS Server 2008 R2 Standard SP1,MS Office 2010,,Use WMSSCADA password to access,
wmstutqrmamts01,172.26.191.85,RMA QA ezXOS Terminal Server - for checkouts,RMA/GCA,Williams,✔,✔,wmstutqrmamts01.Williams.com,Tulsa,MS Server 2008 R2 Standard SP1,MS Office 2010,,Use WMSSCADA password to access,
wmstutqrmarts1,172.26.191.89,RMA QA RealTime 1,RMA/GCA,Williams,,,wmstutqrmarts1.Williams.com,Tulsa,MS Server 2008 R2 Standard SP1,MS Office 2010,,Use WMSSCADA password to access,
wmstutqrmarts2,172.26.191.90,RMA QA RealTime 2,RMA/GCA,Williams,✔,✔,wmstutqrmarts2.Williams.com,Tulsa,MS Server 2008 R2 Standard SP1,MS Office 2010,,Use WMSSCADA password to access,
wmstutrcs1,,Primary 1 RCS,G&P SCADA,Williams,,,wmstutrcs1.Williams.com,Tulsa,,,,,
wmstutrcs2,,Primary 2 RCS,G&P SCADA,Williams,,,wmstutrcs2.Williams.com,Tulsa,,,,,
wmstutrmagas1,172.26.192.176,RMA GMAS Server,RMA/GCA,WMSSCADA,,,wmstutrmagas1.WMSSCADA.local,Tulsa,"MS Windows Server 2003, Standard Edition SP2",,,,
wmstutrmahis1,172.26.191.55,RMA Historian 1 for RMA and GCA,RMA/GCA,WMSSCADA,✔,✔,wmstutrmahis1.WMSSCADA.local,Tulsa,"MS Windows Server 2003, Standard Edition SP2",,,,
wmstutrmahis2,172.26.191.56,RMA Historian 2 for RMA and GCA,RMA/GCA,WMSSCADA,✔,✔,wmstutrmahis2.WMSSCADA.local,Tulsa,"MS Windows Server 2003, Standard Edition SP2",,,,
wmstutrmamts01,172.26.191.209,RMA ezXOS Terminal Server for RMA and GCA,RMA/GCA,WMSSCADA,✔,✔,wmstutrmamts01.WMSSCADA.local,Tulsa,MS Server 2008 R2 Standard SP1,,,Cannot install MS Office - Error 1935,
wmstutrmarts1,172.26.191.111,RMA Primary 1 SCADA System for RMA and GCA,RMA/GCA,WMSSCADA,✔,✔,wmstutrmarts1.WMSSCADA.local,Tulsa,,,,,
wmstutrmarts2,172.26.191.112,RMA Primary 2 SCADA System for RMA and GCA,RMA/GCA,WMSSCADA,✔,✔,wmstutrmarts2.WMSSCADA.local,Tulsa,"MS Windows Server 2003, Standard Edition SP2",,,,
wmstuttdsmts01,,Development Terminal Server,G&P SCADA,Williams,,,wmstuttdsmts01.Williams.com,Tulsa,,,,,
tultwtplcs01,172.26.192.223,??? Used by Alarms Report,G&P SCADA,Williams,,,tultwtplcs01.Williams.com,Tulsa,,,,,
tulpwsjbx01,,ClearSCADA Jump Box,ClearSCADA,WMBS,,,tulpwsjbx01.WMBS.io,Tulsa,,,,,
